{
  "path": {
    "10x2": 0.25159263610839844,
    "10x4": 0.5664985179901123,
    "100x4": 0.4608147144317627
  },
  "base": {
    "10x4": 0.5643341541290283,
    "100x4": 0.5068256855010986
  }
}