{
  "matrix_size=100000,cluster_num=4": [
    [
      5,
      0.8806338310241699,
      0.0014851093292236328
    ],
    [
      10,
      2.2886016368865967,
      0.004218339920043945
    ],
    [
      15,
      3.184229850769043,
      0.004797458648681641
    ],
    [
      20,
      2.9981939792633057,
      0.006403207778930664
    ],
    [
      25,
      6.163881540298462,
      0.009962081909179688
    ],
    [
      30,
      8.14363718032837,
      0.010523557662963867
    ]
  ],
  "matrix_size=100000,cluster_num=1": [
    [
      30,
      3.4046740531921387,
      0.008414983749389648
    ]
  ]
}