{
  "ad": {
    "256x256": 5.52722430229187,
    "256x128": 4.498482704162598,
    "256x64": 4.207169055938721,
    "256x32": 3.755186080932617,
    "256x16": 3.981205701828003,
    "512x512": 26.277648448944092,
    "512x256": 20.449740648269653,
    "512x128": 18.68494701385498,
    "512x64": 17.953535318374634,
    "512x32": 17.373038291931152
  },
  "base": {
    "256x256": 5.853332042694092,
    "256x128": 7.591775894165039,
    "256x64": 9.622467517852783,
    "256x32": 16.27808165550232,
    "256x16": 37.36697196960449,
    "512x512": 27.39187502861023,
    "512x256": 31.99603843688965,
    "512x128": 36.43377327919006,
    "512x64": 49.464385747909546,
    "512x32": 73.14133214950562
  }
}