{
  "ad": {
    "256x128": 0.42996692657470703,
    "256x64": 1.694309949874878,
    "256x32": 6.97391676902771
  }
}