{
  "matrix_size=100000,cluster_num=2": [
    [
      5,
      0.6203458309173584
    ],
    [
      10,
      1.5103113651275635
    ],
    [
      15,
      2.439531087875366
    ],
    [
      20,
      2.839564323425293
    ],
    [
      25,
      4.071944713592529
    ],
    [
      30,
      5.28447151184082
    ],
    [
      35,
      6.872549772262573
    ]
  ],
  "matrix_size=100000,cluster_num=3": [
    [
      5,
      1.020359992980957
    ],
    [
      10,
      1.6282713413238525
    ],
    [
      15,
      2.856276750564575
    ],
    [
      20,
      3.711292266845703
    ],
    [
      25,
      5.461811304092407
    ],
    [
      30,
      6.583926439285278
    ],
    [
      35,
      8.382108926773071
    ]
  ],
  "matrix_size=100000,cluster_num=4": [
    [
      5,
      0.9030055999755859
    ],
    [
      10,
      1.5017759799957275
    ],
    [
      15,
      3.139082193374634
    ],
    [
      20,
      3.8697762489318848
    ],
    [
      25,
      6.643894195556641
    ],
    [
      30,
      7.892892122268677
    ],
    [
      35,
      9.675261735916138
    ]
  ],
  "matrix_num=20,cluster_num=2": [
    [
      50000,
      2.83835506439209
    ],
    [
      100000,
      3.505751132965088
    ],
    [
      150000,
      3.8926262855529785
    ],
    [
      200000,
      4.752832651138306
    ],
    [
      250000,
      5.247836351394653
    ],
    [
      300000,
      5.18209433555603
    ]
  ],
  "matrix_num=20,cluster_num=3": [
    [
      50000,
      2.3826329708099365
    ],
    [
      100000,
      3.407188892364502
    ],
    [
      150000,
      4.2954583168029785
    ],
    [
      200000,
      5.053379058837891
    ],
    [
      250000,
      6.266015291213989
    ],
    [
      300000,
      6.165791988372803
    ]
  ],
  "matrix_num=20,cluster_num=4": [
    [
      50000,
      3.6942100524902344
    ],
    [
      100000,
      4.369464159011841
    ],
    [
      150000,
      4.865681409835815
    ],
    [
      200000,
      5.960210561752319
    ],
    [
      250000,
      6.3662402629852295
    ],
    [
      300000,
      6.8947882652282715
    ]
  ]
}