{
  "matrix_size=100000,cluster_num=2": [
    [
      5,
      0.37947559356689453
    ],
    [
      10,
      0.7739114761352539
    ],
    [
      15,
      1.9231712818145752
    ],
    [
      30,
      3.531102418899536
    ],
    [
      35,
      4.589430332183838
    ]
  ],
  "matrix_size=100000,cluster_num=3": [
    [
      5,
      0.4276735782623291
    ],
    [
      10,
      1.4422805309295654
    ],
    [
      15,
      2.4868173599243164
    ],
    [
      20,
      3.7999911308288574
    ],
    [
      25,
      5.023389577865601
    ],
    [
      30,
      6.200196266174316
    ]
  ],
  "matrix_num=20,cluster_num=3": [
    [
      50000,
      2.8089754581451416
    ],
    [
      100000,
      3.84797739982605
    ],
    [
      150000,
      4.610616207122803
    ],
    [
      200000,
      4.810285806655884
    ],
    [
      250000,
      5.9181129932403564
    ],
    [
      300000,
      6.6473047733306885
    ]
  ],
  "matrix_num=20,cluster_num=2": [
    [
      50000,
      3.205068349838257
    ],
    [
      100000,
      3.9277875423431396
    ],
    [
      150000,
      4.677677869796753
    ],
    [
      200000,
      5.32660436630249
    ],
    [
      250000,
      5.9418346881866455
    ],
    [
      300000,
      6.643330335617065
    ]
  ]
}